 id |         login         |         email         |        name        
----+-----------------------+-----------------------+--------------------
 12 | vy@gmail.com          | vy@gmail.com          | Vũ Văn Vỹ
 13 | quan@gmail.com        | quan@gmail.com        | Vũ Đình Quân
 14 | cu@gmail.com          | cu@gmail.com          | Nguyễn Văn Cừ
 15 | ngoc22@gmail.com      | ngoc22@gmail.com      | Đặng Thanh Bình
 16 | ngoc@gmail.com        | ngoc@gmail.com        | Phạm Thị Hồng Ngọc
 17 | mieu@gmail.com        | mieu@gmail.com        | Mỹ Miều
 18 | linh@gmail.com        | linh@gmail.com        | Hồng Thị Linh
  6 | an@gmail.com          | an@gmail.com          | Nguyễn Văn Ân
 19 | bac@gmail.com         | bac@gmail.com         | Nguyễn Văn Bắc
 20 | anhnt@gmail.com       | anhnt@gmail.com       | Trần Ngọc Anh
  7 | ho@gmail.com          | ho@gmail.com          | Hoho
  8 | anvt@gmail.com        | anvt@gmail.com        | Trần Văn An
  9 | betn@gmail.com        | betn@gmail.com        | Nguyễn Thị Bê
 10 | nam@gmail             | nam@gmail             | Nguyễn Hoài Nam
 11 | luc@gmail.com         | luc@gmail.com         | Phạm Hồng Lực
  2 | phamnogc887@gmail.com | phamnogc887@gmail.com | Administrator
(16 rows)

